source_district,destination_city,crop,transport_cost,distance,processing_capacity,storage_cost,supply_quantity
Mahabubnagar,Chennai,Soy,901.07,645.8,2284.6,19.0,945.5
Nalgonda,Delhi,Soy,223.64,114.4,4179.0,29.11,404.6
Nalgonda,Hyderabad,Quinoa,269.7,528.2,213.0,57.23,829.7
Mahabubnagar,Delhi,Soy,726.15,367.7,2387.1,87.39,1376.6
Anantapur,Bengaluru,Quinoa,1021.48,759.5,1988.5,11.44,500.2
Mahabubnagar,Delhi,Quinoa,246.34,446.6,4555.7,33.29,1341.9
Kurnool,Bengaluru,Quinoa,448.33,229.4,3898.2,94.55,1794.9
Mahabubnagar,Hyderabad,Lentils,337.5,372.1,4160.8,42.11,597.8
Mahabubnagar,Chennai,Oats,229.9,307.4,176.6,48.11,820.0
Hindupur,Mumbai,Oats,1007.62,597.9,3069.2,93.37,1319.6
Mahabubnagar,Hyderabad,Quinoa,197.41,331.6,1623.8,39.27,1472.7
Hindupur,Mumbai,Oats,720.39,368.0,4259.7,74.96,510.2
Hindupur,Hyderabad,Chickpea,77.96,117.8,254.0,67.28,663.0
Mahabubnagar,Chennai,Lentils,384.51,477.9,4720.0,63.9,1404.8
Mahabubnagar,Bengaluru,Chickpea,965.34,665.7,4370.2,82.33,413.8
Hindupur,Bengaluru,Quinoa,649.97,349.4,1433.4,68.29,51.0
Nalgonda,Hyderabad,Soy,132.82,104.9,2145.3,29.99,283.7
Mahabubnagar,Mumbai,Oats,228.6,382.7,1344.2,32.22,1407.8
Hindupur,Hyderabad,Lentils,166.27,299.4,3086.9,55.24,150.4
Nalgonda,Hyderabad,Oats,192.03,267.7,2498.3,98.71,522.0
Mahabubnagar,Mumbai,Soy,459.42,269.5,2404.5,98.51,827.7
Anantapur,Hyderabad,Quinoa,703.47,455.7,4306.0,39.34,479.5
Kurnool,Mumbai,Soy,221.69,344.1,4708.6,45.78,1059.6
Anantapur,Mumbai,Quinoa,500.12,614.7,2753.1,72.62,495.7
Kurnool,Hyderabad,Quinoa,406.2,470.8,556.2,90.75,1805.8
Hindupur,Hyderabad,Oats,547.23,344.4,4495.8,89.84,1570.8
Mahabubnagar,Mumbai,Oats,393.77,213.1,3071.5,10.83,247.9
Hindupur,Hyderabad,Lentils,286.17,298.7,2479.5,50.36,1989.2
Mahabubnagar,Hyderabad,Quinoa,262.93,266.1,3757.8,68.47,1706.0
Anantapur,Hyderabad,Quinoa,663.54,456.2,1327.3,63.09,1958.8
Hindupur,Mumbai,Soy,823.1,656.4,2926.8,54.33,430.7
Nalgonda,Mumbai,Quinoa,171.78,117.0,967.8,94.64,1910.2
Nalgonda,Mumbai,Quinoa,209.69,110.8,2198.1,97.0,1929.1
Anantapur,Delhi,Lentils,656.67,369.6,1652.9,25.25,1135.8
Kurnool,Mumbai,Chickpea,1053.09,530.5,786.4,56.65,1760.9
Anantapur,Hyderabad,Oats,614.92,591.7,1538.6,82.84,1629.7
Anantapur,Chennai,Quinoa,573.42,457.9,4011.6,68.5,1418.8
Mahabubnagar,Mumbai,Quinoa,584.88,505.2,3392.9,39.53,352.3
Nalgonda,Bengaluru,Chickpea,67.5,121.4,4130.7,42.42,297.8
Anantapur,Chennai,Quinoa,360.16,251.1,518.2,14.65,1086.1
Hindupur,Delhi,Lentils,1224.03,778.7,301.2,45.89,895.4
Kurnool,Bengaluru,Lentils,142.28,229.0,2198.7,71.96,163.5
Kurnool,Hyderabad,Chickpea,171.67,267.9,996.0,94.12,1294.6
Nalgonda,Chennai,Lentils,343.15,393.7,1844.3,78.21,78.1
Mahabubnagar,Chennai,Oats,626.23,318.0,959.1,11.54,1538.6
Nalgonda,Delhi,Oats,627.17,425.3,335.5,95.42,1779.0
Mahabubnagar,Bengaluru,Chickpea,942.93,753.4,2742.9,71.56,1250.9
Kurnool,Hyderabad,Quinoa,974.28,510.0,2919.8,44.94,1304.4
Anantapur,Chennai,Soy,970.4,674.4,4120.1,68.63,453.0
Nalgonda,Chennai,Quinoa,89.91,170.5,562.8,71.47,188.8
Nalgonda,Bengaluru,Chickpea,200.23,116.3,1481.1,20.63,1408.6
Nalgonda,Mumbai,Lentils,143.57,127.4,4841.1,59.32,875.8
Hindupur,Hyderabad,Soy,411.36,388.8,3904.4,40.67,1865.0
Nalgonda,Delhi,Oats,927.12,575.9,1267.4,44.0,1091.9
Mahabubnagar,Hyderabad,Lentils,787.82,726.9,153.1,91.48,228.0
Mahabubnagar,Delhi,Soy,278.15,445.1,549.4,64.22,1129.7
Nalgonda,Delhi,Lentils,1101.78,654.1,546.9,54.5,162.2
Kurnool,Chennai,Soy,740.43,721.4,673.6,22.87,1534.9
Mahabubnagar,Hyderabad,Lentils,782.47,686.9,1190.6,45.7,1789.2
Kurnool,Chennai,Lentils,315.61,159.4,1933.9,43.36,1635.0
Anantapur,Chennai,Quinoa,539.3,345.2,2460.2,44.02,1424.9
Kurnool,Bengaluru,Soy,220.28,177.8,155.6,52.18,159.8
Mahabubnagar,Chennai,Oats,944.74,620.9,1263.8,46.02,981.5
Anantapur,Hyderabad,Lentils,401.27,774.3,4852.4,13.88,1787.7
Nalgonda,Mumbai,Quinoa,201.88,151.7,4849.6,57.08,1277.3
Anantapur,Chennai,Soy,415.22,730.8,1476.7,95.54,1786.0
Mahabubnagar,Delhi,Lentils,230.12,294.2,2372.1,41.8,1188.1
Mahabubnagar,Chennai,Oats,332.72,282.0,258.3,35.18,851.9
Nalgonda,Delhi,Lentils,118.68,193.2,4708.6,47.5,1183.3
Anantapur,Bengaluru,Chickpea,1354.54,752.9,321.6,12.37,784.1
Anantapur,Bengaluru,Oats,590.78,363.7,2025.6,84.62,1159.7
Anantapur,Bengaluru,Oats,355.31,390.4,376.2,87.83,1635.2
Nalgonda,Mumbai,Lentils,809.85,509.6,3809.7,44.01,520.1
Anantapur,Hyderabad,Soy,237.01,292.3,4403.3,78.13,141.4
Kurnool,Bengaluru,Chickpea,757.0,433.3,1608.1,83.47,1937.5
Hindupur,Hyderabad,Oats,105.27,193.8,3800.2,65.83,1423.0
Hindupur,Delhi,Chickpea,478.34,345.4,2022.0,49.37,1813.1
Mahabubnagar,Hyderabad,Oats,710.1,648.6,3148.2,87.61,1901.6
Mahabubnagar,Bengaluru,Oats,394.43,444.5,2349.8,98.2,1010.6
Nalgonda,Mumbai,Soy,164.56,268.1,731.5,21.52,346.2
Mahabubnagar,Delhi,Oats,881.32,727.8,3371.0,25.51,425.0
Hindupur,Chennai,Lentils,348.92,341.6,255.8,59.38,1092.1
Mahabubnagar,Bengaluru,Chickpea,189.18,190.1,1675.8,18.31,988.2
Hindupur,Chennai,Oats,502.19,293.8,3766.5,26.61,458.2
Kurnool,Delhi,Chickpea,345.89,623.2,1336.9,74.2,1795.7
Hindupur,Delhi,Lentils,729.18,707.1,2046.1,19.44,1487.9
Mahabubnagar,Bengaluru,Oats,436.38,688.5,2723.1,30.99,718.7
Anantapur,Delhi,Chickpea,813.98,652.4,525.9,58.34,1194.3
Anantapur,Delhi,Soy,367.35,365.1,4508.3,64.68,526.5
Hindupur,Chennai,Lentils,385.32,753.6,1204.1,42.88,1001.2
Hindupur,Hyderabad,Soy,521.21,467.2,4913.7,20.08,825.8
Mahabubnagar,Mumbai,Quinoa,203.52,103.7,2504.7,75.06,1650.7
Kurnool,Mumbai,Chickpea,489.65,296.0,1016.5,39.13,879.6
Anantapur,Delhi,Oats,735.0,470.9,3862.1,17.86,1036.9
Mahabubnagar,Chennai,Soy,543.47,515.7,2325.9,59.37,1120.4
Kurnool,Chennai,Chickpea,114.38,161.5,113.3,20.5,972.7
Hindupur,Hyderabad,Lentils,1327.05,681.4,709.1,75.78,1879.8
Mahabubnagar,Mumbai,Soy,1184.42,748.5,335.7,80.34,1664.5
Nalgonda,Delhi,Soy,370.2,215.0,3359.5,57.08,749.7
Nalgonda,Bengaluru,Oats,680.96,578.1,3597.5,90.97,1267.0
Anantapur,Hyderabad,Oats,379.22,348.8,2706.1,16.0,496.6
Hindupur,Mumbai,Soy,237.06,334.4,3990.7,65.81,1090.2
Hindupur,Delhi,Lentils,199.52,206.2,1317.6,76.96,115.4
Kurnool,Bengaluru,Lentils,723.07,713.7,4124.2,19.96,1700.6
Mahabubnagar,Chennai,Lentils,490.47,440.5,3882.2,11.1,1217.0
Mahabubnagar,Delhi,Chickpea,281.42,276.3,989.8,91.76,1187.6
Kurnool,Mumbai,Quinoa,523.21,738.3,593.9,33.04,1465.9
Hindupur,Delhi,Quinoa,765.69,495.6,4620.2,73.65,347.5
Mahabubnagar,Bengaluru,Oats,636.89,396.9,4678.4,93.3,929.1
Nalgonda,Chennai,Chickpea,472.1,687.2,4612.1,88.29,1061.7
Nalgonda,Hyderabad,Lentils,570.25,334.6,122.7,40.01,826.4
Anantapur,Bengaluru,Soy,894.24,746.1,2456.1,92.66,1194.8
Hindupur,Delhi,Soy,151.85,198.6,2542.0,47.7,1833.9
Anantapur,Chennai,Soy,281.96,542.6,3351.3,26.02,1924.1
Anantapur,Delhi,Quinoa,368.54,474.5,1568.0,37.89,824.8
Hindupur,Mumbai,Soy,414.33,344.6,3162.4,44.0,1681.3
Hindupur,Bengaluru,Oats,758.58,642.9,2669.5,49.67,831.5
Hindupur,Delhi,Oats,204.89,334.1,3790.9,34.51,1800.0
Kurnool,Delhi,Oats,86.49,117.8,3608.3,69.3,102.8
Hindupur,Mumbai,Lentils,521.1,516.5,2890.3,89.87,1135.6
Kurnool,Mumbai,Soy,1483.27,773.9,791.3,46.58,681.8
Kurnool,Bengaluru,Oats,132.52,245.5,989.0,62.47,871.8
Kurnool,Hyderabad,Lentils,301.68,339.3,1960.5,63.13,572.7
Nalgonda,Chennai,Oats,381.67,405.3,4747.4,78.72,323.2
Kurnool,Mumbai,Oats,557.33,439.3,3734.3,72.9,835.0
Anantapur,Mumbai,Quinoa,356.48,192.6,3487.0,71.49,1654.0
Nalgonda,Bengaluru,Quinoa,269.56,448.7,2085.7,54.77,1454.4
Nalgonda,Bengaluru,Lentils,256.07,284.6,3687.7,32.57,1284.5
Nalgonda,Bengaluru,Lentils,759.88,686.7,3877.5,47.98,740.0
Hindupur,Hyderabad,Soy,270.34,163.2,434.4,85.34,902.5
Mahabubnagar,Hyderabad,Soy,415.68,308.0,2432.6,69.73,1876.8
Nalgonda,Hyderabad,Chickpea,108.82,121.8,3015.9,14.63,1017.9
Nalgonda,Mumbai,Chickpea,649.65,536.3,1787.5,41.64,854.9
Nalgonda,Mumbai,Chickpea,258.94,421.8,481.1,10.21,1937.0
Kurnool,Delhi,Soy,547.91,320.2,4814.3,81.1,1396.6
Anantapur,Delhi,Soy,1047.45,612.6,3328.0,72.3,1705.9
Anantapur,Bengaluru,Oats,851.03,552.7,352.8,70.29,136.1
Anantapur,Bengaluru,Lentils,417.95,431.2,690.6,75.79,425.6
Kurnool,Mumbai,Lentils,774.42,431.9,4238.3,38.72,1666.4
Anantapur,Mumbai,Quinoa,113.49,184.4,3511.8,40.59,1463.3
Mahabubnagar,Hyderabad,Quinoa,639.21,653.5,3166.9,89.74,1250.9
Kurnool,Mumbai,Chickpea,396.88,793.2,1008.8,44.56,1868.6
Hindupur,Delhi,Lentils,702.54,637.0,2451.4,66.48,1753.7
Anantapur,Bengaluru,Oats,430.71,335.5,3688.1,10.3,961.3
Kurnool,Delhi,Chickpea,148.39,263.5,187.6,98.9,884.2
Anantapur,Hyderabad,Quinoa,486.63,252.8,3953.1,18.05,864.3
Hindupur,Chennai,Chickpea,430.93,216.9,1235.2,94.85,1316.8
Nalgonda,Mumbai,Lentils,105.07,184.2,1982.0,13.31,1916.7
Nalgonda,Chennai,Oats,646.03,462.8,2672.7,33.42,1054.7
Kurnool,Hyderabad,Soy,561.48,671.1,1196.7,58.33,1206.2
Nalgonda,Bengaluru,Soy,641.64,714.2,734.6,89.99,1913.5
Mahabubnagar,Bengaluru,Oats,626.71,330.3,3702.5,35.33,542.7
Hindupur,Chennai,Chickpea,918.74,472.8,636.4,90.5,1983.4
Kurnool,Chennai,Lentils,996.84,734.6,3344.3,58.94,1735.8
Anantapur,Mumbai,Quinoa,1252.37,695.4,3571.0,85.33,1410.1
Kurnool,Delhi,Soy,462.59,626.9,4416.3,88.47,107.0
Kurnool,Bengaluru,Soy,484.39,260.0,105.5,60.06,1525.4
Mahabubnagar,Bengaluru,Lentils,1048.59,531.8,3195.9,33.38,1286.3
Nalgonda,Mumbai,Soy,830.04,632.7,4818.7,40.77,1283.6
Nalgonda,Chennai,Quinoa,367.03,221.6,4741.8,24.97,1553.4
Anantapur,Bengaluru,Oats,85.99,140.5,4276.8,99.11,1368.3
Mahabubnagar,Delhi,Soy,312.91,191.1,220.5,11.99,681.0
Hindupur,Mumbai,Chickpea,74.36,100.7,2395.8,94.99,249.3
Anantapur,Chennai,Lentils,543.64,308.9,3886.8,30.7,306.1
Hindupur,Hyderabad,Quinoa,194.66,121.9,4556.7,87.16,1930.8
Hindupur,Hyderabad,Lentils,878.72,788.8,4481.1,30.7,465.6
Anantapur,Hyderabad,Quinoa,596.28,493.9,2761.8,24.33,447.2
Nalgonda,Chennai,Soy,1134.79,691.3,3168.5,21.81,113.4
Mahabubnagar,Bengaluru,Soy,274.18,229.8,106.0,63.85,1234.2
Mahabubnagar,Delhi,Oats,297.47,240.4,414.6,62.38,574.5
Hindupur,Chennai,Oats,65.8,108.1,2023.2,53.19,1220.0
Hindupur,Chennai,Oats,1172.35,702.1,294.1,53.25,254.6
Anantapur,Delhi,Oats,263.56,499.6,2463.5,28.93,724.7
Kurnool,Delhi,Oats,292.14,462.4,1818.1,12.99,203.2
Kurnool,Bengaluru,Chickpea,528.47,660.4,920.7,19.41,1291.0
Hindupur,Mumbai,Oats,436.53,755.3,2752.4,73.82,1748.4
Kurnool,Delhi,Quinoa,581.43,337.6,492.6,90.53,1117.8
Kurnool,Bengaluru,Soy,95.86,128.5,2249.2,75.23,1206.9
Mahabubnagar,Chennai,Oats,588.63,710.2,4881.7,40.32,405.1
Nalgonda,Mumbai,Quinoa,771.72,488.8,1219.4,99.67,1950.8
Hindupur,Delhi,Chickpea,317.63,382.3,2150.2,28.32,1688.9
Anantapur,Chennai,Chickpea,705.59,619.9,1795.1,43.39,1975.9
Kurnool,Hyderabad,Soy,584.87,505.1,3653.8,53.8,1753.2
Kurnool,Delhi,Chickpea,735.53,794.5,1859.8,44.55,958.3
Nalgonda,Hyderabad,Soy,712.64,643.2,3049.1,66.93,777.1
Kurnool,Chennai,Lentils,171.51,148.4,577.2,46.45,1206.2
Anantapur,Delhi,Chickpea,246.41,166.7,1629.5,45.91,1723.1
Nalgonda,Hyderabad,Quinoa,374.53,191.6,2323.6,31.24,193.3
Kurnool,Chennai,Chickpea,408.62,568.6,2302.2,62.91,1899.7
Anantapur,Delhi,Quinoa,201.7,125.7,3352.6,52.72,1696.1
Mahabubnagar,Delhi,Quinoa,263.46,477.9,4934.8,21.07,500.7
Kurnool,Chennai,Oats,218.57,185.5,4676.0,38.45,1039.1
Mahabubnagar,Bengaluru,Quinoa,1539.83,790.6,124.2,95.66,1296.3
Anantapur,Mumbai,Chickpea,441.32,339.9,716.1,21.94,329.9
Kurnool,Bengaluru,Quinoa,1117.01,571.4,560.1,70.53,915.3
Nalgonda,Bengaluru,Oats,1316.35,686.7,3447.9,54.75,1254.8
Anantapur,Delhi,Soy,1153.33,751.7,3414.9,29.41,1334.8
Nalgonda,Chennai,Oats,259.59,174.6,4997.1,14.34,1955.5
Anantapur,Hyderabad,Lentils,874.73,647.7,3718.4,89.07,838.1
Mahabubnagar,Mumbai,Chickpea,1075.04,633.6,2234.4,83.61,284.4
Anantapur,Chennai,Oats,390.1,356.5,3507.8,44.97,925.0
Anantapur,Hyderabad,Soy,158.0,259.1,3056.9,70.14,1258.0
Anantapur,Mumbai,Lentils,900.53,704.3,2448.0,12.31,715.4
Mahabubnagar,Chennai,Chickpea,407.26,468.6,2435.8,45.49,1121.4
Kurnool,Delhi,Soy,805.95,464.9,2211.2,90.7,189.0
Anantapur,Delhi,Soy,291.32,366.1,2448.0,27.51,374.3
Mahabubnagar,Chennai,Quinoa,1078.11,569.1,2708.1,62.28,224.8
Kurnool,Bengaluru,Oats,1359.53,783.7,2660.2,21.09,1725.9
Nalgonda,Hyderabad,Chickpea,431.06,229.7,2180.2,17.83,1640.7
Mahabubnagar,Chennai,Chickpea,89.99,178.6,3226.1,56.37,1207.4
Kurnool,Hyderabad,Chickpea,231.45,222.3,4538.9,79.3,1135.4
Hindupur,Chennai,Quinoa,507.0,292.4,2176.3,70.08,236.3
Mahabubnagar,Bengaluru,Oats,289.46,396.8,1252.7,88.23,972.1
Nalgonda,Hyderabad,Lentils,775.01,549.4,2778.8,30.88,812.3
Nalgonda,Hyderabad,Oats,557.67,791.4,3506.2,46.39,885.0
Anantapur,Hyderabad,Soy,549.85,793.9,610.1,75.19,1177.9
Nalgonda,Delhi,Lentils,571.86,725.9,1684.5,30.4,742.2
Mahabubnagar,Chennai,Oats,1026.45,682.3,442.7,67.62,578.7
Kurnool,Mumbai,Quinoa,326.84,327.0,3380.5,99.47,1340.6
Anantapur,Mumbai,Chickpea,412.55,412.4,2944.3,17.99,1925.2
Nalgonda,Hyderabad,Chickpea,197.14,167.7,3805.2,41.28,1346.6
Mahabubnagar,Mumbai,Lentils,360.67,183.9,198.1,76.35,1548.8
Anantapur,Hyderabad,Lentils,146.21,165.1,3960.7,87.82,1236.5
Mahabubnagar,Delhi,Chickpea,97.55,144.2,1214.1,40.75,792.8
Kurnool,Mumbai,Oats,467.36,487.7,2045.2,50.25,1221.2
Hindupur,Mumbai,Quinoa,565.68,696.0,4659.9,20.47,1644.0
Hindupur,Bengaluru,Soy,624.93,653.0,496.5,46.27,388.4
Kurnool,Mumbai,Chickpea,1047.0,770.1,4670.4,61.76,984.7
Anantapur,Delhi,Oats,863.8,524.4,956.7,55.23,827.4
Anantapur,Chennai,Lentils,225.45,185.2,2579.9,30.93,205.9
Mahabubnagar,Delhi,Lentils,1370.6,755.5,1461.0,86.63,50.6
Hindupur,Bengaluru,Quinoa,383.72,355.4,2865.8,27.26,462.9
Hindupur,Bengaluru,Lentils,504.8,533.6,2208.7,25.36,195.5
Mahabubnagar,Mumbai,Quinoa,772.16,532.6,1221.6,30.94,480.6
Nalgonda,Delhi,Quinoa,534.14,468.9,740.5,89.79,927.1
Nalgonda,Mumbai,Soy,678.94,389.9,3694.7,79.24,71.5
Kurnool,Mumbai,Lentils,100.89,113.4,3825.4,22.34,1093.9
Anantapur,Chennai,Lentils,987.66,684.0,1074.4,15.82,133.1
Anantapur,Mumbai,Oats,571.41,483.6,4237.3,18.83,1002.1
Mahabubnagar,Bengaluru,Quinoa,399.53,270.4,4072.4,65.27,1726.2
Kurnool,Chennai,Chickpea,1400.46,724.5,3955.8,38.39,1391.9
Mahabubnagar,Chennai,Oats,383.99,688.6,4518.6,51.53,1292.5
Kurnool,Mumbai,Oats,317.87,529.8,2640.2,23.52,1488.0
Anantapur,Chennai,Lentils,205.0,126.6,3329.3,82.19,255.5
Anantapur,Chennai,Quinoa,634.71,616.3,1553.0,41.47,1560.6
Hindupur,Delhi,Soy,143.7,221.9,3335.5,78.79,566.8
Mahabubnagar,Hyderabad,Oats,1175.6,783.2,151.1,32.99,558.4
Anantapur,Hyderabad,Oats,265.25,471.2,4845.6,81.88,621.0
Kurnool,Chennai,Lentils,953.43,744.2,3120.8,24.1,135.3
Anantapur,Bengaluru,Oats,413.9,360.5,2253.1,65.16,1889.0
Mahabubnagar,Chennai,Quinoa,436.0,238.2,3264.5,35.73,1641.1
Anantapur,Delhi,Oats,699.13,480.8,1183.2,98.06,1509.0
Mahabubnagar,Mumbai,Soy,377.74,288.5,3666.9,19.71,1386.3
Mahabubnagar,Mumbai,Chickpea,314.07,249.5,4219.4,75.95,1107.4
Nalgonda,Hyderabad,Soy,415.44,308.3,3475.5,88.6,1290.8
Nalgonda,Bengaluru,Chickpea,92.66,106.5,3659.7,99.26,243.4
Kurnool,Bengaluru,Soy,512.62,317.7,4094.1,65.35,1391.4
Nalgonda,Hyderabad,Quinoa,827.38,466.9,4215.8,84.94,71.5
Anantapur,Bengaluru,Lentils,354.17,357.6,829.6,37.5,1759.5
Nalgonda,Bengaluru,Quinoa,541.77,369.8,3924.0,29.55,318.8
Nalgonda,Chennai,Chickpea,551.44,533.7,3991.6,18.37,1197.0
Mahabubnagar,Chennai,Soy,199.19,145.4,2851.3,60.46,1226.8
Kurnool,Bengaluru,Soy,501.99,288.9,2541.5,16.94,164.2
Nalgonda,Delhi,Chickpea,1002.01,595.4,2634.6,49.62,337.5
Anantapur,Hyderabad,Chickpea,213.77,360.0,4026.7,78.99,1480.6
Nalgonda,Hyderabad,Oats,679.73,546.3,973.4,71.73,1982.7
Mahabubnagar,Mumbai,Oats,615.53,765.2,2871.2,98.17,372.3
Hindupur,Hyderabad,Lentils,1114.68,588.4,3934.7,15.05,1712.8
Kurnool,Mumbai,Lentils,537.15,689.4,4033.0,51.24,991.8
Kurnool,Delhi,Chickpea,1230.36,736.6,134.4,15.16,489.2
Mahabubnagar,Delhi,Oats,929.88,626.0,4787.4,16.21,161.3
Mahabubnagar,Mumbai,Quinoa,1277.43,651.0,1918.9,48.6,1697.3
Mahabubnagar,Hyderabad,Lentils,397.23,697.2,3136.5,60.58,724.5
Kurnool,Hyderabad,Soy,634.65,343.1,206.9,69.74,1928.6
Nalgonda,Bengaluru,Chickpea,350.04,393.2,3681.0,98.32,550.2
Hindupur,Bengaluru,Lentils,592.81,495.7,4862.8,64.77,731.5
Anantapur,Hyderabad,Chickpea,680.7,604.0,535.3,71.54,1113.0
Nalgonda,Chennai,Chickpea,502.93,382.8,3979.3,59.4,1245.2
Kurnool,Hyderabad,Chickpea,414.41,216.0,4264.9,70.21,951.5
Hindupur,Chennai,Quinoa,182.19,143.6,4051.4,51.33,151.3
Anantapur,Chennai,Quinoa,788.36,481.4,3795.1,11.62,296.2
Mahabubnagar,Delhi,Soy,1022.09,762.6,3778.6,60.22,1127.4
Hindupur,Delhi,Oats,634.02,373.5,1922.5,50.65,824.9
Hindupur,Mumbai,Lentils,624.46,775.1,2664.3,35.84,1596.1
Mahabubnagar,Chennai,Lentils,466.43,318.6,1059.6,90.73,1064.4
Mahabubnagar,Delhi,Quinoa,307.05,216.2,1879.2,90.75,379.3
Anantapur,Delhi,Oats,129.02,123.4,3689.9,83.83,660.7
Hindupur,Hyderabad,Quinoa,605.14,617.8,4943.2,53.68,288.7
Nalgonda,Bengaluru,Quinoa,1571.8,798.0,3315.1,21.68,1389.4
Hindupur,Hyderabad,Quinoa,1107.66,603.5,489.1,75.83,415.5
Nalgonda,Hyderabad,Quinoa,494.73,742.7,3822.0,98.93,1807.5
Mahabubnagar,Delhi,Oats,435.08,350.5,4158.4,40.17,388.8
Nalgonda,Delhi,Chickpea,146.51,170.4,795.7,41.31,928.2
Kurnool,Mumbai,Oats,553.04,404.9,3716.5,82.56,1695.3
Hindupur,Mumbai,Oats,285.29,188.4,1693.0,71.77,185.8
Anantapur,Delhi,Quinoa,483.67,794.2,477.7,40.63,1739.5
Nalgonda,Mumbai,Oats,462.86,312.8,4697.7,88.41,1543.8
Hindupur,Delhi,Lentils,1076.41,729.2,4383.7,10.02,379.7
Kurnool,Delhi,Lentils,516.78,482.7,4886.3,19.96,874.0
Anantapur,Bengaluru,Oats,568.43,304.6,3794.4,82.44,85.1
Anantapur,Mumbai,Quinoa,627.7,680.6,4376.5,20.13,1422.2
Nalgonda,Delhi,Oats,139.66,269.3,2397.0,37.11,1216.8
Hindupur,Hyderabad,Soy,854.59,611.2,416.0,88.95,1760.7
Nalgonda,Hyderabad,Lentils,637.21,686.7,2203.0,34.1,1588.9
Nalgonda,Chennai,Lentils,229.67,276.6,2493.0,76.38,1074.2
Anantapur,Delhi,Soy,1237.47,680.5,2901.7,56.57,889.3
Mahabubnagar,Delhi,Oats,253.01,338.6,935.9,95.33,918.2
Anantapur,Chennai,Soy,337.69,266.2,610.7,44.61,1001.0
Mahabubnagar,Bengaluru,Chickpea,851.55,431.0,1417.9,46.63,1788.4
Kurnool,Hyderabad,Lentils,244.84,430.7,786.1,34.91,1944.5
Nalgonda,Chennai,Oats,645.43,535.8,2292.6,52.69,1202.2
Nalgonda,Hyderabad,Oats,140.6,253.3,629.3,40.5,1615.0
Anantapur,Bengaluru,Soy,120.18,131.1,4101.7,35.61,1645.5
Nalgonda,Mumbai,Soy,824.52,455.2,2518.4,73.2,1986.0
Nalgonda,Chennai,Oats,594.7,372.9,4423.1,70.38,553.4
Nalgonda,Hyderabad,Lentils,1164.23,602.9,3634.8,87.66,54.1
Nalgonda,Hyderabad,Quinoa,390.01,580.6,1980.8,51.06,769.7
Hindupur,Delhi,Quinoa,807.86,730.2,1673.3,77.49,854.7
Nalgonda,Hyderabad,Chickpea,491.26,353.3,149.6,67.25,1830.9
Anantapur,Delhi,Soy,413.13,606.8,4522.0,15.98,1091.2
Kurnool,Hyderabad,Oats,372.69,395.4,2481.4,61.95,135.3
Nalgonda,Hyderabad,Oats,902.44,610.4,4243.5,72.32,888.4
Hindupur,Chennai,Oats,529.29,314.4,2287.5,81.85,1653.7
Mahabubnagar,Delhi,Oats,392.98,401.7,2952.8,43.41,1222.1
Mahabubnagar,Delhi,Oats,593.33,468.1,911.6,68.12,137.3
Anantapur,Hyderabad,Quinoa,430.99,337.8,1956.7,10.6,802.5
Hindupur,Mumbai,Oats,302.61,170.9,2702.3,85.76,1181.4
Anantapur,Delhi,Oats,243.71,198.4,234.9,55.49,1929.8
Mahabubnagar,Bengaluru,Soy,464.94,246.2,2129.3,45.59,660.8
Nalgonda,Chennai,Chickpea,492.24,730.1,4784.0,38.26,1782.4
Mahabubnagar,Bengaluru,Quinoa,304.64,481.8,3073.7,23.64,110.3
Mahabubnagar,Chennai,Lentils,564.15,434.5,924.9,32.22,1685.2
Hindupur,Bengaluru,Chickpea,222.93,281.5,382.5,40.82,577.0
Mahabubnagar,Mumbai,Quinoa,470.29,343.1,782.1,49.96,1271.2
Hindupur,Delhi,Soy,1037.53,647.7,1572.4,39.32,1595.4
Hindupur,Chennai,Lentils,362.17,203.6,3583.3,91.62,308.1
Hindupur,Chennai,Chickpea,787.2,605.5,4362.8,21.76,1591.5
Mahabubnagar,Chennai,Oats,691.9,576.5,268.9,97.26,1900.8
Kurnool,Delhi,Quinoa,777.65,628.2,1582.0,54.23,1068.8
Hindupur,Mumbai,Oats,561.72,353.6,4482.8,51.04,914.7
Mahabubnagar,Chennai,Soy,159.53,240.3,4284.4,49.52,1701.6
Hindupur,Mumbai,Soy,238.01,121.6,1181.7,76.06,1537.1
Nalgonda,Mumbai,Soy,410.33,584.8,1567.0,42.28,1618.7
Hindupur,Hyderabad,Soy,1209.91,798.5,4159.5,36.52,77.9
Anantapur,Delhi,Oats,327.72,543.0,127.8,94.34,1652.8
Anantapur,Hyderabad,Quinoa,387.4,590.0,2055.6,75.08,596.7
Mahabubnagar,Mumbai,Soy,701.48,484.4,2927.5,72.8,61.9
Hindupur,Mumbai,Chickpea,192.39,153.8,3993.1,73.64,147.9
Kurnool,Bengaluru,Lentils,462.89,566.8,4330.7,46.12,620.4
Hindupur,Chennai,Lentils,912.67,689.6,1174.4,13.03,468.5
Hindupur,Hyderabad,Oats,340.94,186.0,2565.1,50.44,1192.4
Mahabubnagar,Delhi,Chickpea,423.21,269.4,4130.4,82.36,1127.4
Mahabubnagar,Chennai,Soy,583.0,642.7,2533.8,35.58,311.0
Kurnool,Mumbai,Oats,609.36,624.1,100.7,56.0,141.4
Anantapur,Bengaluru,Oats,646.38,338.3,505.3,93.78,1662.1
Hindupur,Mumbai,Oats,669.22,689.9,3965.8,90.27,895.9
Anantapur,Delhi,Soy,248.71,162.5,2519.7,44.89,1283.8
Kurnool,Chennai,Lentils,551.93,712.9,1464.4,21.66,1368.4
Anantapur,Hyderabad,Lentils,628.21,432.8,4997.4,19.43,1022.2
Mahabubnagar,Hyderabad,Soy,341.92,420.4,1906.7,43.28,152.1
Anantapur,Chennai,Chickpea,546.57,486.4,3626.3,43.4,1746.0
Anantapur,Delhi,Lentils,347.74,627.8,2034.2,93.77,295.2
Hindupur,Delhi,Quinoa,207.93,136.5,2394.0,62.13,216.4
Hindupur,Mumbai,Lentils,93.88,140.7,2627.7,34.08,1679.2
Nalgonda,Chennai,Chickpea,77.92,113.5,2126.8,54.36,838.4
Anantapur,Delhi,Quinoa,127.87,106.9,4821.1,56.71,1371.2
Mahabubnagar,Delhi,Oats,913.07,464.9,715.2,11.53,1551.8
Anantapur,Bengaluru,Lentils,150.48,285.9,1537.2,79.58,1060.0
Mahabubnagar,Hyderabad,Quinoa,95.82,100.9,3267.6,97.68,1701.8
Anantapur,Mumbai,Oats,491.12,524.3,1114.8,23.71,1803.9
Nalgonda,Hyderabad,Lentils,334.24,272.6,3762.5,52.64,162.8
Kurnool,Hyderabad,Lentils,696.14,471.5,3258.5,60.52,1565.0
Anantapur,Mumbai,Chickpea,168.63,237.1,3149.8,80.32,1177.7
Hindupur,Chennai,Lentils,872.35,469.1,903.0,67.85,1629.2
Mahabubnagar,Delhi,Oats,1129.18,723.1,404.8,23.26,65.3
Mahabubnagar,Hyderabad,Soy,147.4,131.2,1579.4,78.5,740.8
Kurnool,Chennai,Lentils,1011.99,534.6,3828.2,59.22,401.6
Hindupur,Chennai,Quinoa,1100.99,728.4,771.3,99.55,1078.1
Mahabubnagar,Delhi,Oats,458.28,237.8,4974.6,74.06,1963.2
Anantapur,Delhi,Soy,791.66,421.3,962.9,29.26,75.4
Mahabubnagar,Delhi,Soy,632.44,612.5,3521.7,45.57,1908.1
Kurnool,Chennai,Chickpea,684.32,433.8,1312.0,67.66,1349.9
Hindupur,Delhi,Chickpea,799.06,640.1,159.3,10.81,746.2
Mahabubnagar,Bengaluru,Soy,226.34,132.2,971.7,56.32,1626.1
Nalgonda,Mumbai,Oats,703.45,381.9,102.2,91.12,349.9
Hindupur,Bengaluru,Soy,566.39,446.3,2459.6,67.19,226.9
Hindupur,Mumbai,Oats,375.47,411.1,3148.0,99.32,803.3
Nalgonda,Mumbai,Chickpea,481.59,559.6,1038.8,92.64,248.5
Kurnool,Mumbai,Soy,527.91,626.2,4786.0,23.34,1375.1
Anantapur,Chennai,Quinoa,585.66,507.1,2942.4,56.5,1529.6
Hindupur,Chennai,Quinoa,744.3,401.1,4244.7,46.08,1538.1
Kurnool,Delhi,Chickpea,337.38,243.3,1012.1,39.84,1717.3
Mahabubnagar,Hyderabad,Soy,283.43,148.3,2583.9,46.85,1631.2
Nalgonda,Delhi,Chickpea,660.25,641.7,4141.5,56.41,953.4
Nalgonda,Delhi,Lentils,87.37,126.3,3851.2,10.0,862.3
Nalgonda,Hyderabad,Chickpea,193.61,240.4,149.4,49.37,1771.3
Mahabubnagar,Delhi,Quinoa,384.1,257.0,3735.3,86.36,874.1
Kurnool,Chennai,Oats,251.28,277.0,714.2,40.33,1999.1
Mahabubnagar,Chennai,Lentils,219.24,204.7,2130.9,77.84,90.3
Kurnool,Hyderabad,Oats,432.08,766.6,1400.1,64.14,628.3
Anantapur,Mumbai,Lentils,822.35,492.1,3571.6,25.49,1946.2
Kurnool,Mumbai,Oats,127.5,185.4,4267.3,41.01,110.2
Anantapur,Chennai,Oats,342.87,341.7,4894.8,87.09,1417.3
Mahabubnagar,Chennai,Oats,389.64,318.4,2582.7,44.85,1817.8
Anantapur,Mumbai,Soy,355.42,687.3,3548.1,97.32,903.4
Mahabubnagar,Mumbai,Lentils,886.8,672.0,4838.5,14.65,1034.4
Hindupur,Chennai,Soy,644.1,766.7,4408.8,82.79,1370.4
Mahabubnagar,Bengaluru,Soy,273.52,451.1,1633.0,94.18,1708.8
Hindupur,Mumbai,Chickpea,203.4,273.3,1015.9,11.78,811.8
Nalgonda,Mumbai,Quinoa,535.47,534.9,3690.2,46.41,183.3
Hindupur,Hyderabad,Chickpea,615.7,402.9,1729.0,15.09,779.1
Mahabubnagar,Hyderabad,Lentils,1039.19,649.4,669.3,80.29,1581.3
Nalgonda,Delhi,Lentils,626.53,327.7,4582.2,11.03,927.7
Kurnool,Hyderabad,Chickpea,522.23,779.5,2077.6,76.41,1423.9
Anantapur,Hyderabad,Soy,283.41,463.8,3066.9,56.51,1493.3
Kurnool,Delhi,Chickpea,417.23,582.8,3017.3,25.49,1854.8
Mahabubnagar,Mumbai,Oats,229.92,164.4,3155.9,68.37,571.4
Kurnool,Mumbai,Soy,894.16,573.2,3089.0,38.16,578.6
Mahabubnagar,Bengaluru,Lentils,149.92,221.9,2300.5,65.1,465.5
Hindupur,Chennai,Soy,921.06,640.6,1930.4,14.54,1273.6
Nalgonda,Delhi,Oats,915.4,479.4,1180.4,75.32,1253.6
Anantapur,Bengaluru,Chickpea,614.15,620.0,4461.3,17.59,1624.0
Mahabubnagar,Chennai,Soy,311.44,606.4,2988.3,65.2,1293.5
Kurnool,Bengaluru,Quinoa,359.58,242.8,4110.0,14.5,1827.5
Anantapur,Hyderabad,Lentils,287.48,154.0,1838.8,48.23,469.9
Anantapur,Mumbai,Chickpea,360.34,360.5,4436.3,44.5,1012.3
Nalgonda,Mumbai,Chickpea,404.38,459.5,4939.5,36.23,1552.9
Anantapur,Hyderabad,Lentils,665.65,509.1,1417.4,43.16,1795.9
Anantapur,Bengaluru,Soy,604.17,418.0,1317.1,73.49,883.8
Mahabubnagar,Bengaluru,Quinoa,337.04,201.1,2155.0,55.01,1580.9
Kurnool,Hyderabad,Lentils,389.6,310.7,375.3,54.2,1857.9
Anantapur,Mumbai,Chickpea,728.2,386.1,648.2,56.48,1583.7
Mahabubnagar,Chennai,Chickpea,1234.44,717.2,3457.2,19.94,613.9
Mahabubnagar,Delhi,Quinoa,545.73,410.3,1348.9,76.83,199.4
Anantapur,Chennai,Lentils,339.1,328.7,2577.6,94.7,1758.8
Nalgonda,Chennai,Oats,268.99,154.3,1809.6,56.94,1599.2
Anantapur,Delhi,Soy,202.86,390.2,1550.1,51.33,851.6
Mahabubnagar,Chennai,Oats,1109.69,618.4,2706.3,81.05,628.7
Anantapur,Hyderabad,Soy,1116.64,612.7,695.3,67.12,1185.2
Kurnool,Hyderabad,Chickpea,456.06,525.4,382.9,45.19,506.7
Mahabubnagar,Mumbai,Lentils,636.5,390.3,4370.2,71.11,853.1
Kurnool,Hyderabad,Lentils,503.18,450.1,4365.6,66.83,1088.4
Nalgonda,Hyderabad,Lentils,183.06,182.0,799.9,72.29,452.2
Nalgonda,Bengaluru,Oats,954.53,575.2,4762.1,79.88,1242.1
Hindupur,Hyderabad,Soy,579.32,432.0,3179.3,71.98,543.9
Anantapur,Delhi,Oats,833.23,475.0,4124.8,85.9,995.9
Hindupur,Hyderabad,Lentils,407.11,228.4,4424.5,51.97,197.6
Anantapur,Bengaluru,Soy,240.82,296.6,305.7,53.13,404.4
Mahabubnagar,Delhi,Quinoa,338.46,553.8,1939.8,82.34,895.3
Nalgonda,Mumbai,Chickpea,269.64,324.8,1817.6,43.53,184.0
Mahabubnagar,Mumbai,Quinoa,899.82,605.9,3573.0,10.75,474.5
Anantapur,Hyderabad,Quinoa,348.79,542.4,608.0,14.38,1183.0
Anantapur,Bengaluru,Chickpea,1053.72,647.4,4034.7,56.62,323.6
Nalgonda,Mumbai,Quinoa,467.69,619.6,1055.4,90.14,1512.5
Anantapur,Mumbai,Lentils,1023.02,557.9,2936.2,66.92,355.1
Kurnool,Chennai,Lentils,646.4,598.9,2983.7,26.68,1219.6
Kurnool,Delhi,Chickpea,355.68,454.9,477.2,72.65,796.5
Kurnool,Bengaluru,Oats,446.79,290.4,1393.9,94.52,1290.9
Anantapur,Chennai,Quinoa,389.28,424.2,3308.1,84.14,173.1
Nalgonda,Delhi,Quinoa,1040.52,641.6,838.0,29.55,954.8
Nalgonda,Chennai,Soy,978.31,677.0,4304.8,80.54,886.5
Hindupur,Chennai,Lentils,1197.88,677.8,1320.1,61.9,181.1
Hindupur,Delhi,Quinoa,533.08,328.6,4052.7,87.22,1995.4
Hindupur,Chennai,Lentils,101.98,191.1,1866.1,80.54,1154.1
Mahabubnagar,Chennai,Soy,58.36,111.0,4591.4,73.55,652.5
Hindupur,Bengaluru,Soy,849.41,756.9,2071.4,45.15,185.2
Nalgonda,Mumbai,Soy,405.7,573.3,2936.3,61.25,1743.4
Hindupur,Bengaluru,Quinoa,383.71,469.4,4978.6,98.3,1316.5
Anantapur,Bengaluru,Quinoa,952.05,758.0,4751.1,84.95,756.7
Kurnool,Mumbai,Lentils,315.34,542.2,3256.9,97.68,186.1
Hindupur,Hyderabad,Quinoa,314.2,389.7,307.5,62.18,933.2
Kurnool,Delhi,Chickpea,912.95,645.4,3528.2,85.43,1615.5
Hindupur,Delhi,Chickpea,278.55,381.3,2905.8,34.93,1846.5
Kurnool,Mumbai,Quinoa,201.37,348.4,255.5,48.1,214.9
Mahabubnagar,Delhi,Soy,444.86,247.9,4441.9,27.7,1488.0
Anantapur,Mumbai,Soy,223.37,121.0,3150.9,97.6,956.8
Nalgonda,Delhi,Quinoa,288.37,146.9,4103.2,86.73,1879.0
Hindupur,Mumbai,Chickpea,122.18,149.7,1223.9,52.22,573.7
Kurnool,Delhi,Lentils,931.42,470.9,913.5,20.3,67.0
Hindupur,Chennai,Quinoa,711.44,678.6,1833.1,37.22,1952.0
Kurnool,Delhi,Chickpea,610.8,339.9,859.1,17.45,994.8
Hindupur,Delhi,Lentils,726.65,434.9,1587.8,38.05,56.1
Mahabubnagar,Hyderabad,Oats,404.7,421.7,4129.7,15.13,866.3
Anantapur,Chennai,Oats,753.41,502.0,3907.5,87.6,662.1
Nalgonda,Hyderabad,Oats,397.15,758.3,2661.5,52.38,1329.3
Mahabubnagar,Delhi,Soy,378.76,560.7,4018.6,21.09,1412.1
Hindupur,Hyderabad,Lentils,1248.29,722.9,2599.7,76.26,1050.1
Mahabubnagar,Delhi,Oats,569.03,619.1,745.1,86.92,372.3
Hindupur,Delhi,Soy,396.39,228.0,1500.0,93.44,1941.4
Anantapur,Mumbai,Chickpea,225.22,357.2,2828.2,86.06,1602.1
Mahabubnagar,Hyderabad,Oats,354.46,276.9,2657.6,63.0,1515.8
Nalgonda,Bengaluru,Chickpea,146.41,137.5,1237.1,33.88,1131.0
Nalgonda,Hyderabad,Chickpea,511.45,266.0,4728.9,64.89,1852.8
Hindupur,Chennai,Lentils,699.66,426.4,857.0,53.85,888.5
Anantapur,Chennai,Chickpea,659.09,378.5,936.5,12.74,448.7
Anantapur,Mumbai,Quinoa,684.22,569.0,3890.4,21.11,1271.3
Anantapur,Hyderabad,Quinoa,1495.75,749.9,4000.4,77.84,470.2
Mahabubnagar,Hyderabad,Lentils,251.56,178.1,1477.1,25.61,790.5
Kurnool,Mumbai,Soy,735.53,497.9,1132.8,60.08,1720.2
Kurnool,Chennai,Lentils,873.69,678.8,3898.7,31.1,722.9
Anantapur,Chennai,Soy,171.82,305.6,3221.8,63.76,1324.1
Mahabubnagar,Bengaluru,Lentils,1157.23,719.4,1459.6,35.35,1928.6
Mahabubnagar,Bengaluru,Oats,852.39,594.4,4951.5,38.07,712.9
Hindupur,Delhi,Oats,322.58,162.3,2750.9,98.64,1881.0
Kurnool,Delhi,Quinoa,185.24,215.4,3579.6,34.57,715.8
Nalgonda,Hyderabad,Chickpea,118.05,232.6,394.5,91.43,1312.7
Kurnool,Mumbai,Soy,205.69,306.0,4713.5,80.58,951.7
Anantapur,Chennai,Quinoa,427.98,387.8,4434.5,90.6,1822.9
Anantapur,Hyderabad,Chickpea,232.22,229.2,2206.8,84.79,283.8
Nalgonda,Hyderabad,Quinoa,373.75,301.6,1569.7,63.65,896.0
Nalgonda,Hyderabad,Chickpea,894.74,482.7,1785.4,75.97,1334.4
Kurnool,Chennai,Quinoa,913.56,711.1,3528.5,46.98,1143.1
Mahabubnagar,Hyderabad,Soy,433.87,660.7,2926.6,51.76,281.5
Nalgonda,Chennai,Lentils,204.8,147.1,3720.4,12.92,1334.5
Mahabubnagar,Delhi,Quinoa,1197.83,711.2,3766.0,60.51,530.2
Mahabubnagar,Bengaluru,Oats,204.45,122.2,1276.3,22.99,275.6
Anantapur,Delhi,Oats,353.21,420.6,3108.5,32.76,1176.4
Kurnool,Chennai,Oats,283.03,153.5,3990.3,24.25,151.0
Kurnool,Chennai,Oats,709.86,684.2,4573.2,60.91,406.2
Nalgonda,Chennai,Soy,591.21,647.1,1100.8,11.51,1374.4
Kurnool,Hyderabad,Oats,993.23,521.2,1627.8,32.48,1325.6
Kurnool,Bengaluru,Quinoa,775.85,493.5,435.4,47.59,276.9
Hindupur,Mumbai,Quinoa,861.77,585.3,1234.3,71.32,1883.4
Mahabubnagar,Chennai,Lentils,319.12,361.4,618.8,41.94,855.7
Kurnool,Chennai,Quinoa,266.1,489.4,4545.5,24.07,479.2
Nalgonda,Bengaluru,Soy,328.45,262.0,3684.3,96.23,479.9
Mahabubnagar,Mumbai,Chickpea,298.62,321.6,547.7,38.33,134.0
Nalgonda,Chennai,Quinoa,755.85,410.7,3324.5,10.73,1889.2
Nalgonda,Delhi,Quinoa,797.58,637.7,2225.5,32.46,1117.6
Anantapur,Chennai,Chickpea,494.99,501.1,292.4,34.48,62.4
Anantapur,Delhi,Quinoa,215.27,263.7,4300.2,83.84,909.1
Anantapur,Delhi,Soy,698.35,418.1,4988.4,27.2,946.3
Kurnool,Hyderabad,Soy,584.23,757.0,3151.5,30.04,649.1
Anantapur,Delhi,Chickpea,247.65,219.7,3810.7,90.82,214.0
Kurnool,Hyderabad,Oats,790.55,563.2,898.8,31.04,96.2
Nalgonda,Chennai,Oats,472.28,262.0,4639.7,47.77,148.7
Hindupur,Hyderabad,Soy,203.62,375.0,2957.9,11.02,1585.4
Kurnool,Delhi,Quinoa,741.93,378.4,2766.6,34.77,1433.4
Mahabubnagar,Delhi,Lentils,1166.37,682.7,1199.2,30.35,1643.7
Nalgonda,Bengaluru,Quinoa,417.57,415.0,4366.4,17.52,461.7
Kurnool,Chennai,Quinoa,517.37,444.8,1738.6,45.51,1083.4
Hindupur,Chennai,Chickpea,232.37,246.0,4562.9,59.27,1481.1
Mahabubnagar,Bengaluru,Chickpea,77.12,139.7,2020.4,72.74,427.2
Nalgonda,Delhi,Quinoa,687.69,727.0,1227.0,47.02,519.0
Anantapur,Delhi,Oats,317.28,481.9,321.9,69.07,1093.5
Kurnool,Delhi,Lentils,432.1,792.8,2278.2,55.42,278.7
Kurnool,Mumbai,Oats,662.87,455.0,4927.4,79.12,897.0
Kurnool,Bengaluru,Chickpea,445.91,331.2,4267.8,28.14,1872.1
Hindupur,Hyderabad,Soy,816.78,489.3,179.4,83.65,128.3
Anantapur,Mumbai,Quinoa,349.58,236.5,3926.5,81.23,1224.8
Mahabubnagar,Delhi,Soy,370.51,188.2,3401.8,86.22,682.4
Kurnool,Mumbai,Oats,1254.2,760.7,126.5,10.12,787.3
Mahabubnagar,Hyderabad,Lentils,813.32,424.8,1686.7,69.5,1321.9
Nalgonda,Chennai,Oats,394.18,694.6,3697.3,40.72,983.1
Kurnool,Delhi,Oats,221.59,425.7,499.8,33.27,104.3
Mahabubnagar,Bengaluru,Oats,905.82,571.0,2513.7,67.01,1620.8
Kurnool,Chennai,Quinoa,385.21,514.4,221.0,42.65,1116.1
Nalgonda,Bengaluru,Chickpea,823.65,742.1,802.1,74.32,622.0
Nalgonda,Delhi,Oats,554.11,315.5,3111.0,62.31,544.6
Nalgonda,Mumbai,Soy,738.59,747.0,726.1,49.81,132.8
Mahabubnagar,Hyderabad,Lentils,474.13,686.1,718.7,83.21,1852.3
Mahabubnagar,Bengaluru,Lentils,190.16,172.4,3671.8,80.18,280.5
Anantapur,Chennai,Soy,308.25,349.6,163.2,58.63,1709.7
Hindupur,Delhi,Soy,969.59,729.2,4080.1,44.56,1349.2
Nalgonda,Delhi,Soy,172.3,268.2,1643.1,18.7,394.9
Hindupur,Chennai,Chickpea,268.38,146.1,2372.7,38.8,979.1
Anantapur,Hyderabad,Chickpea,869.49,570.8,1644.7,21.99,1283.2
Hindupur,Chennai,Soy,249.64,183.7,1358.0,82.37,880.6
Hindupur,Mumbai,Lentils,976.12,646.2,3860.7,37.68,1009.5
Nalgonda,Mumbai,Soy,342.52,258.2,2665.5,35.4,631.2
Nalgonda,Delhi,Oats,93.8,160.2,616.9,62.7,1111.5
Hindupur,Bengaluru,Chickpea,379.04,674.0,2540.8,72.04,542.0
Anantapur,Bengaluru,Quinoa,1249.47,728.6,2957.3,75.72,761.4
Hindupur,Chennai,Quinoa,361.76,233.0,2826.7,42.28,1827.1
Nalgonda,Hyderabad,Lentils,988.74,636.6,1723.6,70.81,822.1
Anantapur,Bengaluru,Soy,475.93,359.0,3971.1,38.62,1180.5
Anantapur,Bengaluru,Oats,144.68,143.4,2579.1,24.57,1333.3
Anantapur,Mumbai,Quinoa,255.97,380.5,4428.0,47.33,805.2
Nalgonda,Delhi,Chickpea,246.04,143.0,4708.5,68.39,1911.4
Anantapur,Bengaluru,Chickpea,365.37,283.7,644.9,88.14,629.9
Mahabubnagar,Chennai,Quinoa,342.57,213.9,1123.3,15.27,1127.1
Kurnool,Hyderabad,Lentils,513.08,503.9,4034.8,58.63,204.6
Hindupur,Hyderabad,Chickpea,400.9,220.5,2835.9,88.29,774.5
Nalgonda,Hyderabad,Chickpea,537.73,428.9,1083.8,38.35,1593.2
Mahabubnagar,Delhi,Chickpea,249.65,314.9,3424.6,39.08,1976.1
Kurnool,Chennai,Quinoa,142.06,128.2,2629.8,62.26,1875.1
Anantapur,Bengaluru,Oats,343.16,204.4,3127.9,40.77,1754.1
Mahabubnagar,Chennai,Oats,510.37,496.8,3090.8,12.17,277.1
Kurnool,Mumbai,Soy,686.28,421.5,4537.1,85.18,433.9
Hindupur,Delhi,Soy,526.77,511.6,4018.9,59.92,1660.6
Kurnool,Hyderabad,Oats,96.0,110.2,4344.8,24.82,859.5
Hindupur,Hyderabad,Oats,198.36,114.7,4141.8,80.9,602.6
Hindupur,Bengaluru,Soy,351.38,566.6,2265.0,24.7,409.7
Mahabubnagar,Chennai,Soy,148.93,135.8,2607.4,53.5,796.4
Kurnool,Delhi,Quinoa,56.62,105.1,2811.1,56.84,1989.4
Anantapur,Delhi,Lentils,336.8,179.5,3911.3,84.01,1810.4
Anantapur,Chennai,Quinoa,253.11,131.9,4226.6,36.7,200.5
Mahabubnagar,Hyderabad,Oats,1075.1,657.5,3434.7,24.95,165.3
Nalgonda,Mumbai,Oats,214.43,199.8,2818.2,16.91,58.2
Anantapur,Delhi,Soy,547.12,331.8,2127.0,68.77,1180.3
Mahabubnagar,Hyderabad,Chickpea,251.77,129.0,2794.3,96.68,273.8
Nalgonda,Chennai,Lentils,129.04,167.9,4007.8,70.98,1116.5
Kurnool,Delhi,Lentils,303.78,296.4,3933.9,99.33,519.3
Nalgonda,Delhi,Oats,871.56,541.5,3100.2,11.5,429.8
Mahabubnagar,Delhi,Quinoa,647.71,612.1,2657.2,16.12,403.4
Nalgonda,Bengaluru,Soy,222.5,198.0,2788.1,46.25,1063.2
Mahabubnagar,Mumbai,Quinoa,411.18,795.9,3677.8,61.46,896.4
Nalgonda,Hyderabad,Oats,253.95,245.8,3379.2,53.54,865.9
Nalgonda,Mumbai,Chickpea,373.25,502.9,2411.5,59.81,1162.1
Kurnool,Mumbai,Soy,581.94,348.4,2863.1,33.5,1405.2
Nalgonda,Hyderabad,Lentils,869.62,614.5,2492.1,21.99,559.6
Nalgonda,Delhi,Oats,453.48,585.8,1663.3,47.4,1820.6
Nalgonda,Chennai,Soy,974.08,509.4,954.6,52.45,228.3
Kurnool,Hyderabad,Quinoa,493.85,385.2,4493.2,27.67,94.0
Mahabubnagar,Mumbai,Chickpea,1009.58,723.5,4069.8,48.67,1512.2
Hindupur,Hyderabad,Oats,245.89,329.2,987.7,81.16,800.2
Anantapur,Chennai,Lentils,583.1,511.6,3115.6,17.34,221.2
Kurnool,Bengaluru,Oats,231.05,249.8,2061.5,83.07,77.0
Anantapur,Chennai,Oats,274.64,305.5,1730.6,60.17,1428.7
Nalgonda,Delhi,Chickpea,1241.54,720.1,192.8,76.23,456.4
Anantapur,Mumbai,Oats,98.42,196.3,4525.8,12.22,458.4
Nalgonda,Delhi,Lentils,437.59,267.3,3824.0,38.13,850.8
Nalgonda,Chennai,Chickpea,1067.26,647.3,3489.1,96.91,817.4
Anantapur,Chennai,Chickpea,885.95,775.6,3196.9,75.35,765.6
Hindupur,Bengaluru,Soy,892.55,551.7,1237.9,46.48,574.9
Anantapur,Delhi,Oats,538.17,326.6,801.5,69.19,1301.1
Hindupur,Hyderabad,Oats,659.89,732.3,4080.7,17.42,1219.9
Hindupur,Bengaluru,Oats,557.33,311.7,4300.4,78.82,336.1
Kurnool,Chennai,Oats,206.96,137.6,1233.3,31.92,646.8
Mahabubnagar,Mumbai,Soy,496.28,703.0,4766.7,39.59,1341.5
Hindupur,Mumbai,Quinoa,506.8,302.6,4035.9,98.79,1215.8
Mahabubnagar,Mumbai,Soy,525.32,546.8,4312.4,96.35,474.5
Mahabubnagar,Hyderabad,Soy,907.17,685.5,1027.1,74.83,1046.7
Anantapur,Mumbai,Lentils,1494.11,786.9,4675.9,46.2,964.1
Nalgonda,Chennai,Oats,221.88,313.0,3098.8,37.57,685.9
Hindupur,Bengaluru,Quinoa,406.06,263.2,3185.2,87.71,308.0
Nalgonda,Delhi,Oats,149.04,255.1,1352.6,57.48,384.6
Kurnool,Chennai,Lentils,232.59,391.1,2044.1,52.66,930.0
Anantapur,Chennai,Quinoa,663.49,395.5,1059.0,83.82,1315.1
Anantapur,Mumbai,Oats,167.2,293.8,4661.0,69.47,1505.4
Anantapur,Hyderabad,Lentils,141.54,281.7,1944.4,61.37,983.5
Kurnool,Hyderabad,Chickpea,187.62,100.2,4235.0,76.81,377.2
Hindupur,Hyderabad,Chickpea,513.66,605.9,3557.3,37.69,522.2
Hindupur,Mumbai,Soy,844.11,534.9,642.0,13.2,1988.9
Kurnool,Bengaluru,Chickpea,419.89,292.2,497.7,50.7,1491.2
Hindupur,Chennai,Chickpea,1185.41,714.2,3390.8,12.86,1093.2
Mahabubnagar,Mumbai,Chickpea,1290.47,790.8,1318.2,58.46,1984.7
Mahabubnagar,Bengaluru,Soy,373.67,287.0,4307.9,39.33,1910.4
Hindupur,Delhi,Soy,96.56,100.4,1281.7,31.02,183.0
Hindupur,Hyderabad,Quinoa,417.81,392.2,4391.9,91.48,1011.3
Anantapur,Bengaluru,Chickpea,694.18,688.0,3573.6,99.44,663.5
Anantapur,Mumbai,Soy,174.43,328.4,3828.3,13.85,1736.1
Nalgonda,Hyderabad,Soy,696.72,433.6,781.1,49.61,991.6
Kurnool,Delhi,Oats,859.41,685.5,170.5,82.27,1962.5
Nalgonda,Delhi,Chickpea,396.64,363.9,2768.3,24.39,1397.9
Kurnool,Bengaluru,Lentils,720.57,413.0,3308.2,47.01,1343.6
Nalgonda,Bengaluru,Soy,408.0,364.2,295.1,34.66,1913.5
Mahabubnagar,Mumbai,Chickpea,951.79,614.3,4279.3,20.42,1426.6
Kurnool,Bengaluru,Oats,651.82,455.7,2440.9,53.03,1547.5
Hindupur,Chennai,Chickpea,538.37,415.2,3754.0,84.33,1408.3
Hindupur,Hyderabad,Oats,743.46,493.3,4638.9,65.73,1658.4
Mahabubnagar,Chennai,Quinoa,153.12,192.6,1263.7,36.99,1303.5
Anantapur,Mumbai,Quinoa,292.34,242.9,4024.6,26.21,264.2
Nalgonda,Hyderabad,Quinoa,180.68,117.7,1648.9,15.02,1239.1
Hindupur,Chennai,Oats,112.72,156.4,1560.1,18.08,1826.1
Kurnool,Hyderabad,Quinoa,179.13,186.3,4637.7,24.55,1933.4
Kurnool,Mumbai,Lentils,881.76,482.7,2814.6,58.11,431.1
Mahabubnagar,Chennai,Lentils,348.65,329.5,3823.1,40.49,1906.5
Mahabubnagar,Mumbai,Quinoa,119.29,134.7,2378.7,30.43,1500.6
Mahabubnagar,Bengaluru,Oats,521.29,584.0,3158.8,84.64,421.2
Anantapur,Bengaluru,Soy,818.84,498.3,4077.9,40.77,895.7
Kurnool,Mumbai,Quinoa,916.82,653.9,1762.2,59.01,130.1
Anantapur,Hyderabad,Oats,576.0,381.3,2306.7,77.41,746.1
Mahabubnagar,Hyderabad,Soy,249.64,179.0,2475.0,12.42,791.9
Hindupur,Delhi,Quinoa,1162.58,600.6,2192.8,52.76,1801.0
Mahabubnagar,Hyderabad,Lentils,810.39,532.8,3367.0,55.99,886.1
Kurnool,Bengaluru,Oats,350.77,350.6,1999.7,22.45,1489.4
Mahabubnagar,Mumbai,Soy,689.86,444.7,4292.2,47.65,653.4
Mahabubnagar,Chennai,Lentils,494.5,728.2,1706.4,83.42,1214.8
Hindupur,Mumbai,Quinoa,448.1,708.8,3906.3,86.28,404.5
Hindupur,Bengaluru,Lentils,774.78,594.6,3213.1,27.68,462.9
Nalgonda,Chennai,Oats,878.8,491.8,3367.9,49.19,1908.6
Kurnool,Delhi,Quinoa,214.1,164.9,4126.0,19.12,1594.2
Hindupur,Hyderabad,Quinoa,106.74,140.1,3566.4,74.06,1801.8
Kurnool,Chennai,Soy,1225.59,745.8,2999.4,27.28,1350.0
Anantapur,Delhi,Oats,354.45,385.5,768.2,75.52,1635.6
Mahabubnagar,Chennai,Chickpea,603.02,405.4,2244.8,34.91,1138.4
Kurnool,Delhi,Oats,529.08,329.5,279.9,52.73,705.8
Kurnool,Hyderabad,Soy,759.23,618.5,518.5,97.52,1060.1
Nalgonda,Hyderabad,Oats,245.18,400.4,620.2,85.37,517.6
Hindupur,Bengaluru,Oats,378.34,638.1,2926.4,20.73,121.1
Mahabubnagar,Chennai,Oats,617.31,690.8,2166.4,13.59,925.7
Kurnool,Chennai,Chickpea,323.82,332.7,622.5,43.01,244.0
Mahabubnagar,Hyderabad,Soy,953.65,708.0,2631.5,35.61,1058.6
Kurnool,Mumbai,Chickpea,512.45,419.0,3813.1,35.37,670.2
Kurnool,Chennai,Oats,822.26,439.9,3090.8,59.18,537.0
Nalgonda,Mumbai,Chickpea,301.09,460.7,3783.7,91.56,1499.7
Kurnool,Chennai,Lentils,323.54,522.2,3447.3,93.93,1172.5
Mahabubnagar,Hyderabad,Lentils,375.13,476.1,3624.2,34.44,666.6
Kurnool,Delhi,Soy,241.12,310.7,3806.6,52.67,490.3
Kurnool,Chennai,Lentils,936.69,796.9,1337.4,49.85,1702.2
Nalgonda,Mumbai,Lentils,1388.93,790.1,4062.0,38.61,67.1
Kurnool,Chennai,Oats,210.12,160.7,4574.8,44.92,1667.7
Nalgonda,Bengaluru,Chickpea,1196.91,626.0,3415.4,42.71,1879.5
Mahabubnagar,Chennai,Oats,361.17,250.6,4626.0,99.78,113.3
Nalgonda,Chennai,Soy,217.09,269.6,4777.3,92.67,141.6
Mahabubnagar,Hyderabad,Quinoa,385.8,267.3,3237.9,86.55,1494.7
Anantapur,Bengaluru,Oats,635.55,515.1,753.4,31.83,618.8
Mahabubnagar,Delhi,Lentils,318.84,302.5,3352.3,20.64,1910.2
Hindupur,Bengaluru,Chickpea,776.25,518.5,2154.7,73.1,850.9
Kurnool,Hyderabad,Soy,821.39,460.1,2387.7,42.37,1095.5
Nalgonda,Mumbai,Quinoa,713.6,757.2,2429.8,78.12,1393.8
Kurnool,Hyderabad,Chickpea,263.21,436.4,2793.6,47.54,1761.6
Kurnool,Chennai,Quinoa,270.56,138.2,2611.8,36.18,965.3
Nalgonda,Mumbai,Lentils,162.93,234.9,1559.5,80.2,969.7
Anantapur,Delhi,Lentils,635.8,332.9,1780.8,98.93,996.2
Nalgonda,Chennai,Chickpea,660.53,422.2,4920.2,14.52,238.6
Mahabubnagar,Hyderabad,Lentils,393.63,636.1,330.6,11.75,418.1
Mahabubnagar,Chennai,Soy,199.36,119.0,151.5,78.57,1791.9
Nalgonda,Mumbai,Oats,692.9,790.7,2597.3,91.8,1581.1
Hindupur,Chennai,Quinoa,1454.98,748.8,2593.9,50.75,593.5
Mahabubnagar,Chennai,Lentils,467.36,505.9,1467.1,46.45,1997.6
Hindupur,Bengaluru,Lentils,438.78,374.6,3677.0,42.2,174.6
Mahabubnagar,Delhi,Quinoa,153.63,160.9,4836.1,95.02,703.0
Nalgonda,Hyderabad,Oats,178.98,104.3,4747.0,18.22,364.8
Kurnool,Mumbai,Quinoa,349.35,651.7,2717.3,71.95,1510.0
Nalgonda,Bengaluru,Lentils,657.64,769.1,4424.8,18.73,158.6
Anantapur,Chennai,Quinoa,407.0,691.5,1431.2,19.34,626.1
Kurnool,Hyderabad,Soy,557.71,527.9,3883.5,25.34,799.8
Mahabubnagar,Hyderabad,Quinoa,742.19,438.9,2924.8,40.79,1629.5
Anantapur,Chennai,Oats,534.09,625.4,803.4,26.69,405.0
Kurnool,Mumbai,Quinoa,499.54,704.4,2889.1,88.12,1187.1
Kurnool,Delhi,Chickpea,171.6,192.0,2948.0,74.64,292.6
Hindupur,Mumbai,Chickpea,279.33,273.3,4488.2,97.0,914.7
Mahabubnagar,Bengaluru,Soy,199.02,221.1,685.7,30.73,257.5
Anantapur,Hyderabad,Oats,256.69,133.5,3584.7,10.61,1539.5
Kurnool,Bengaluru,Chickpea,680.64,465.7,3953.0,46.46,55.3
Hindupur,Delhi,Soy,245.48,162.0,414.1,63.65,1492.2
Kurnool,Delhi,Chickpea,378.28,392.2,4695.3,70.94,282.1
Nalgonda,Delhi,Lentils,491.33,343.5,2769.5,21.31,615.0
Anantapur,Delhi,Soy,603.44,387.8,1165.5,43.0,812.3
Mahabubnagar,Mumbai,Soy,569.33,660.1,433.4,38.52,570.2
Mahabubnagar,Hyderabad,Lentils,1238.52,700.8,1862.4,71.85,660.0
Hindupur,Hyderabad,Oats,1325.09,795.1,1206.6,25.84,1739.2
Hindupur,Mumbai,Soy,1326.39,671.3,4557.7,86.66,152.5
Anantapur,Chennai,Lentils,986.51,526.8,866.2,77.66,1158.1
Nalgonda,Mumbai,Soy,360.87,282.5,3638.9,25.67,1116.4
Mahabubnagar,Bengaluru,Soy,115.33,135.8,2510.8,37.92,404.4
Mahabubnagar,Hyderabad,Chickpea,335.71,280.7,753.1,93.5,1742.0
Nalgonda,Mumbai,Chickpea,1052.82,729.8,2249.4,13.49,1024.1
Anantapur,Delhi,Oats,544.25,420.9,268.4,67.51,208.8
Hindupur,Bengaluru,Chickpea,804.23,402.4,1179.6,19.29,1190.8
Kurnool,Delhi,Chickpea,564.06,469.7,622.9,68.46,1742.6
Nalgonda,Delhi,Lentils,102.09,152.7,341.6,33.17,314.5
Nalgonda,Mumbai,Lentils,1075.97,760.1,4191.4,73.93,269.4
Anantapur,Chennai,Lentils,253.44,219.4,2373.6,81.02,1225.6
Hindupur,Hyderabad,Chickpea,127.26,152.5,2098.7,41.3,92.2
Mahabubnagar,Mumbai,Chickpea,909.64,715.5,2742.0,32.96,1547.4
Hindupur,Delhi,Soy,160.67,248.9,414.8,63.34,1658.8
Anantapur,Bengaluru,Chickpea,810.7,428.3,3241.3,38.05,1074.4
Anantapur,Hyderabad,Soy,448.81,434.5,3444.3,69.6,1444.9
Mahabubnagar,Bengaluru,Lentils,278.41,187.7,295.0,63.79,1745.9
Nalgonda,Mumbai,Lentils,1137.31,708.5,2555.1,61.55,317.6
Anantapur,Mumbai,Oats,382.85,485.4,599.2,92.0,1650.0
Mahabubnagar,Bengaluru,Chickpea,448.31,339.7,547.6,78.1,1185.7
Mahabubnagar,Delhi,Lentils,134.08,229.0,2980.2,85.63,84.1
Mahabubnagar,Chennai,Oats,443.6,479.0,4974.4,96.99,909.4
Anantapur,Mumbai,Quinoa,816.74,506.5,3408.6,28.53,737.3
Hindupur,Bengaluru,Chickpea,1025.0,573.3,4817.4,66.55,409.0
Nalgonda,Mumbai,Lentils,542.23,325.6,446.9,69.43,1627.9
Nalgonda,Delhi,Quinoa,532.53,548.3,4794.1,13.01,1180.6
Hindupur,Mumbai,Quinoa,163.83,133.7,171.8,92.9,1953.4
Mahabubnagar,Mumbai,Oats,511.14,277.4,2912.3,41.57,1673.8
Kurnool,Mumbai,Quinoa,458.35,413.6,4922.0,36.3,624.9
Kurnool,Bengaluru,Soy,373.59,420.5,4405.9,27.7,1897.2
Kurnool,Hyderabad,Quinoa,735.51,482.0,1032.1,56.88,964.7
Hindupur,Delhi,Oats,638.89,502.2,2615.0,19.65,875.8
Hindupur,Chennai,Quinoa,906.42,688.0,525.2,31.32,371.6
Anantapur,Bengaluru,Chickpea,874.78,574.0,3180.8,33.95,126.1
Nalgonda,Hyderabad,Quinoa,871.85,498.6,4959.0,24.73,1399.0
Hindupur,Hyderabad,Soy,180.29,258.4,4446.5,34.75,486.0
Hindupur,Chennai,Chickpea,532.11,368.0,2207.7,49.4,655.2
Anantapur,Bengaluru,Chickpea,792.0,414.5,4768.9,31.54,1267.0
Mahabubnagar,Delhi,Chickpea,537.33,287.6,3202.6,74.89,551.4
Kurnool,Chennai,Lentils,367.49,309.7,568.2,90.83,1874.1
Hindupur,Mumbai,Chickpea,341.96,517.2,182.9,91.86,575.8
Kurnool,Hyderabad,Oats,222.64,248.0,3348.0,96.89,1835.8
Mahabubnagar,Bengaluru,Quinoa,1072.86,541.1,1787.1,15.56,1482.0
Hindupur,Bengaluru,Quinoa,521.41,647.2,1377.2,18.33,828.9
Hindupur,Delhi,Oats,1108.61,596.3,774.9,14.89,86.1
Anantapur,Delhi,Quinoa,563.13,650.6,1598.9,53.48,173.2
Kurnool,Mumbai,Oats,783.78,627.0,726.3,62.4,634.8
Hindupur,Bengaluru,Oats,770.61,671.2,4002.3,63.59,1778.9
Anantapur,Delhi,Chickpea,511.47,274.2,856.6,66.41,106.2
Mahabubnagar,Chennai,Soy,422.22,414.8,946.5,65.98,1769.9
Anantapur,Mumbai,Quinoa,901.2,602.2,1782.6,11.72,1395.1
Hindupur,Bengaluru,Soy,534.82,418.8,136.6,48.04,1450.2
Hindupur,Chennai,Soy,569.12,288.4,1976.2,26.01,735.9
Kurnool,Delhi,Lentils,765.06,681.0,1365.7,88.03,1355.1
Anantapur,Mumbai,Chickpea,349.97,243.0,1857.8,99.61,986.4
Anantapur,Hyderabad,Chickpea,1261.8,741.7,2310.5,74.68,1193.2
Mahabubnagar,Bengaluru,Oats,369.04,424.8,4582.7,40.19,1906.9
Mahabubnagar,Mumbai,Soy,202.75,190.6,585.8,66.07,921.4
Nalgonda,Mumbai,Oats,238.76,215.2,4640.3,73.94,866.9
Hindupur,Bengaluru,Soy,525.77,566.5,2970.5,19.85,1933.4
Mahabubnagar,Delhi,Lentils,724.06,775.1,2450.2,97.56,59.5
Nalgonda,Bengaluru,Quinoa,154.44,155.0,1316.6,98.92,809.3
Mahabubnagar,Mumbai,Chickpea,213.34,248.5,1478.3,47.0,506.9
Hindupur,Bengaluru,Oats,785.49,775.9,1758.7,10.64,1376.5
Hindupur,Bengaluru,Lentils,356.91,211.8,3119.8,14.04,1264.0
Kurnool,Bengaluru,Oats,376.18,536.6,667.2,85.98,321.6
Mahabubnagar,Delhi,Quinoa,1355.83,728.3,528.3,94.28,1659.8
Mahabubnagar,Bengaluru,Lentils,583.15,302.4,344.3,23.49,1098.3
Anantapur,Chennai,Soy,437.8,772.3,801.0,11.26,1155.4
Hindupur,Bengaluru,Lentils,351.42,675.9,2755.9,51.36,1023.0
Mahabubnagar,Bengaluru,Oats,745.27,452.3,2477.9,23.44,1314.1
Hindupur,Chennai,Lentils,351.65,249.1,510.6,67.88,1536.9
Kurnool,Chennai,Oats,1144.13,662.6,4896.8,55.17,937.2
Anantapur,Bengaluru,Quinoa,305.94,482.4,2148.1,86.8,1719.5
Mahabubnagar,Hyderabad,Chickpea,158.24,111.1,4808.1,91.26,1408.7
Anantapur,Chennai,Oats,1080.28,634.2,1987.0,47.61,136.8
Hindupur,Bengaluru,Chickpea,742.7,417.3,2948.5,17.1,423.8
Anantapur,Mumbai,Oats,454.29,351.1,2963.5,81.72,714.9
Kurnool,Hyderabad,Chickpea,972.78,511.5,3657.7,92.6,1821.3
Nalgonda,Bengaluru,Quinoa,964.47,490.2,3888.5,19.56,1567.9
Nalgonda,Chennai,Oats,122.7,124.6,2766.1,59.65,745.3
Anantapur,Chennai,Chickpea,302.76,330.1,1003.7,54.78,588.1
Anantapur,Bengaluru,Oats,317.17,596.5,2152.8,79.83,710.5
Anantapur,Chennai,Lentils,358.27,619.4,4277.5,27.84,1755.1
Kurnool,Mumbai,Lentils,144.8,188.6,2515.8,17.37,432.2
Nalgonda,Mumbai,Oats,179.45,325.1,723.4,92.32,1012.4
Hindupur,Delhi,Chickpea,377.15,469.6,639.4,44.5,1682.5
Anantapur,Delhi,Soy,190.87,205.9,1942.3,78.07,1102.3
Kurnool,Delhi,Chickpea,778.9,534.4,3527.0,20.08,1706.5
Hindupur,Mumbai,Quinoa,234.03,353.2,4392.1,80.48,377.8
Kurnool,Bengaluru,Soy,606.43,795.5,3396.0,25.61,1463.3
Mahabubnagar,Mumbai,Oats,983.17,620.3,766.7,85.25,351.8
Mahabubnagar,Bengaluru,Lentils,427.85,722.1,2305.3,28.42,1154.7
Nalgonda,Bengaluru,Chickpea,197.11,137.0,367.1,85.28,1048.3
Hindupur,Delhi,Quinoa,498.94,500.2,3643.0,55.7,1023.3
Mahabubnagar,Delhi,Oats,115.46,111.0,540.1,33.11,230.4
Kurnool,Mumbai,Oats,476.75,744.4,4779.8,64.98,52.5
Nalgonda,Bengaluru,Soy,352.9,555.2,4744.5,33.27,707.6
Kurnool,Delhi,Chickpea,1111.15,722.1,1293.3,93.85,254.4
Kurnool,Bengaluru,Oats,673.81,646.4,2091.5,82.84,789.6
Nalgonda,Bengaluru,Quinoa,154.14,149.3,2565.6,54.4,57.7
Mahabubnagar,Bengaluru,Chickpea,1012.05,690.2,3288.5,88.01,1793.2
Nalgonda,Bengaluru,Chickpea,763.27,610.4,2134.3,25.23,415.7
Anantapur,Delhi,Quinoa,900.16,489.8,1507.1,39.5,275.4
Mahabubnagar,Mumbai,Soy,798.01,533.7,4197.8,29.39,284.9
Hindupur,Chennai,Oats,785.21,423.4,349.2,87.72,714.8
Mahabubnagar,Chennai,Soy,652.93,345.0,421.6,59.45,1202.2
Nalgonda,Delhi,Oats,547.24,690.6,4151.7,60.64,1536.3
Hindupur,Delhi,Oats,292.88,411.1,602.2,58.19,216.0
Anantapur,Mumbai,Chickpea,750.56,766.2,4353.7,89.31,732.9
Kurnool,Mumbai,Soy,403.87,541.8,2871.5,55.35,76.4
Kurnool,Delhi,Oats,885.01,722.0,3669.3,38.48,717.3
Anantapur,Chennai,Lentils,741.68,504.0,243.6,65.63,1043.5
Anantapur,Delhi,Oats,463.54,398.4,3376.5,38.39,1381.1
Kurnool,Hyderabad,Oats,199.02,126.3,2736.7,55.78,524.1
Anantapur,Delhi,Lentils,261.71,300.4,3261.7,68.59,1657.8
Mahabubnagar,Delhi,Lentils,1095.99,786.0,3577.7,10.66,1060.5
Hindupur,Bengaluru,Chickpea,568.01,478.4,4730.6,70.62,176.6
Mahabubnagar,Hyderabad,Chickpea,507.47,428.9,2952.5,42.11,370.3
Anantapur,Delhi,Chickpea,569.07,564.8,4684.1,92.1,458.2
Nalgonda,Chennai,Lentils,1325.86,679.3,4460.2,64.05,1083.6
Anantapur,Mumbai,Soy,1158.54,724.4,2590.9,99.26,568.9
Kurnool,Hyderabad,Quinoa,962.72,625.1,4954.1,35.01,1021.5
Mahabubnagar,Bengaluru,Lentils,1055.72,578.9,1097.2,88.6,166.5
Hindupur,Chennai,Lentils,433.61,758.5,1825.9,87.09,822.3
Anantapur,Bengaluru,Quinoa,1029.69,642.4,4007.0,34.25,1780.5
Mahabubnagar,Mumbai,Chickpea,327.3,283.6,868.8,95.28,1545.4
Kurnool,Delhi,Soy,341.81,276.5,470.1,65.61,1348.4
Anantapur,Bengaluru,Soy,1111.92,711.9,3596.9,32.72,1330.8
Nalgonda,Bengaluru,Chickpea,954.32,778.2,411.6,59.65,1690.1
Kurnool,Hyderabad,Oats,511.5,604.9,3457.5,98.37,1397.7
Anantapur,Mumbai,Chickpea,684.62,440.7,4274.6,42.09,559.7
Anantapur,Delhi,Chickpea,702.27,414.4,2780.6,68.5,1519.8
Anantapur,Delhi,Lentils,880.32,609.3,1863.0,46.52,1942.4
Kurnool,Delhi,Soy,624.26,397.1,3058.6,36.9,851.1
Anantapur,Hyderabad,Quinoa,754.26,410.6,2115.5,23.07,1072.4
Nalgonda,Hyderabad,Chickpea,381.56,688.8,3326.2,35.81,1141.3
Nalgonda,Mumbai,Chickpea,604.4,746.2,4383.1,12.74,227.2
Nalgonda,Chennai,Chickpea,321.97,246.6,3712.4,66.46,969.8
Nalgonda,Chennai,Lentils,429.24,799.0,4192.7,42.88,1691.2
Kurnool,Hyderabad,Soy,384.36,748.3,469.5,32.53,1355.2
Nalgonda,Mumbai,Chickpea,410.87,524.9,4044.3,97.06,573.8
Anantapur,Hyderabad,Oats,616.3,491.4,807.7,49.79,701.5
Nalgonda,Chennai,Quinoa,271.92,306.2,226.9,35.67,1130.2
Nalgonda,Delhi,Lentils,996.97,717.0,3078.5,46.3,1369.1
Mahabubnagar,Delhi,Quinoa,269.64,181.7,1771.6,77.28,1122.0
Anantapur,Delhi,Oats,241.05,154.5,4608.2,34.36,772.5
Hindupur,Hyderabad,Soy,1221.98,759.3,524.4,70.22,850.1
Hindupur,Chennai,Oats,263.24,300.9,1845.6,25.95,1405.5
Hindupur,Hyderabad,Soy,196.52,290.6,1334.8,92.87,1184.1
Anantapur,Chennai,Oats,622.9,761.1,2648.7,52.72,553.9
Mahabubnagar,Delhi,Quinoa,569.8,315.8,3844.1,32.3,120.9
Kurnool,Hyderabad,Oats,450.79,359.9,3654.8,20.19,842.4
Hindupur,Bengaluru,Oats,509.73,672.9,4058.4,72.36,1133.9
Hindupur,Delhi,Quinoa,917.98,484.5,4744.5,16.24,940.0
Nalgonda,Hyderabad,Chickpea,678.17,414.9,3991.3,54.51,1794.8
Hindupur,Chennai,Quinoa,476.17,607.1,4472.0,48.78,436.1
Kurnool,Delhi,Oats,193.12,224.8,2148.0,32.61,675.1
Kurnool,Chennai,Soy,510.73,491.8,4061.0,44.93,1602.1
Nalgonda,Delhi,Quinoa,452.14,621.1,738.6,41.11,1625.0
Nalgonda,Mumbai,Quinoa,343.68,192.2,3205.5,32.79,1132.8
Anantapur,Hyderabad,Soy,679.75,705.1,3501.2,11.45,776.7
Mahabubnagar,Chennai,Soy,416.96,245.5,4034.9,47.37,602.9
Kurnool,Bengaluru,Soy,496.97,351.2,1974.2,37.41,98.5
Mahabubnagar,Mumbai,Oats,683.21,384.5,4012.6,34.04,526.9
Mahabubnagar,Chennai,Quinoa,519.6,448.7,1169.5,21.74,74.5
Hindupur,Chennai,Oats,1321.43,720.8,3754.1,13.16,1171.4
Nalgonda,Chennai,Oats,848.29,700.4,120.1,10.99,862.4
Mahabubnagar,Chennai,Quinoa,457.18,596.2,4453.8,49.77,328.5
Kurnool,Mumbai,Oats,894.77,499.1,2437.8,99.51,1374.4
Mahabubnagar,Mumbai,Oats,407.8,607.5,2639.8,62.86,389.7
Mahabubnagar,Hyderabad,Soy,931.64,685.8,4996.1,35.82,596.9
Hindupur,Delhi,Lentils,506.1,299.6,4538.2,97.76,503.0
Kurnool,Delhi,Lentils,1031.0,709.0,907.2,48.68,610.2
Kurnool,Chennai,Lentils,440.79,318.9,777.6,48.35,1127.0
Mahabubnagar,Delhi,Lentils,633.65,380.0,4712.0,87.57,1150.4
Nalgonda,Bengaluru,Quinoa,369.57,378.9,2390.2,35.7,1925.1
Nalgonda,Mumbai,Oats,274.55,468.8,641.7,29.75,955.5
Hindupur,Hyderabad,Oats,398.62,398.4,1650.7,79.66,151.5
Anantapur,Mumbai,Quinoa,840.29,665.3,368.1,58.19,1874.7
Hindupur,Hyderabad,Quinoa,911.16,464.2,4832.3,29.37,1631.7
Kurnool,Bengaluru,Quinoa,723.14,773.5,4279.4,44.89,680.2
Kurnool,Chennai,Chickpea,245.99,373.2,3385.2,36.0,1191.9
Kurnool,Hyderabad,Chickpea,116.08,184.8,4556.3,27.43,861.8
Mahabubnagar,Chennai,Lentils,679.0,380.9,2216.4,44.75,1395.2
Hindupur,Hyderabad,Lentils,492.54,539.6,4557.0,67.05,190.2
Anantapur,Mumbai,Chickpea,211.21,263.7,3604.2,38.35,647.5
Anantapur,Delhi,Lentils,282.34,452.2,3138.0,40.62,1719.1
Anantapur,Bengaluru,Chickpea,471.98,285.9,1108.8,38.95,957.7
Kurnool,Mumbai,Quinoa,254.01,350.8,2598.9,51.45,1806.5
Kurnool,Delhi,Chickpea,292.61,438.4,665.5,82.14,1082.3
Anantapur,Chennai,Soy,1012.05,701.2,3838.0,78.87,744.7
Mahabubnagar,Hyderabad,Soy,675.22,364.0,441.5,15.24,1857.7
Nalgonda,Mumbai,Quinoa,682.3,365.6,3115.2,47.08,1872.1
Hindupur,Chennai,Quinoa,706.11,496.1,293.8,46.27,1315.9
Nalgonda,Bengaluru,Chickpea,188.78,165.5,730.9,95.29,976.6
Kurnool,Delhi,Lentils,601.8,367.9,1597.7,63.37,1098.5
Mahabubnagar,Hyderabad,Oats,517.05,717.6,3583.4,97.6,1591.6
Anantapur,Mumbai,Quinoa,181.56,105.0,1863.1,58.67,1370.7
Hindupur,Hyderabad,Soy,631.55,323.3,4672.1,88.36,872.6
Anantapur,Chennai,Quinoa,208.8,152.9,3248.9,86.49,620.4
Nalgonda,Hyderabad,Quinoa,357.2,639.9,1051.2,58.29,1872.9
Anantapur,Bengaluru,Oats,357.21,312.2,2406.5,24.16,110.6
Mahabubnagar,Chennai,Oats,167.52,268.0,4649.7,62.18,1350.7
Hindupur,Bengaluru,Oats,576.46,674.6,3340.6,45.28,769.0
Hindupur,Hyderabad,Lentils,600.34,342.3,596.3,70.83,535.0
Anantapur,Bengaluru,Oats,232.88,295.8,2570.9,87.91,520.6
Mahabubnagar,Mumbai,Soy,611.39,725.9,3726.1,37.88,1724.6
Nalgonda,Chennai,Soy,873.58,612.9,114.3,10.85,1627.1
Mahabubnagar,Delhi,Oats,750.37,418.0,4593.1,99.71,349.7
Mahabubnagar,Hyderabad,Quinoa,646.45,513.6,188.1,93.95,202.7
Hindupur,Delhi,Oats,461.82,656.7,2293.1,84.65,640.2
Hindupur,Hyderabad,Chickpea,853.31,721.5,2824.0,46.36,947.2
Kurnool,Delhi,Lentils,268.66,191.7,268.1,54.78,351.9
Hindupur,Hyderabad,Quinoa,222.59,113.6,1185.1,82.5,163.6
Anantapur,Hyderabad,Chickpea,618.91,616.8,3849.0,48.95,994.2
Mahabubnagar,Mumbai,Lentils,796.47,557.8,1618.3,17.72,227.3
Mahabubnagar,Delhi,Oats,195.63,189.0,3003.2,85.2,135.1
Anantapur,Delhi,Lentils,1593.0,798.8,1036.9,38.15,997.8
Anantapur,Bengaluru,Chickpea,805.82,717.0,3629.6,92.65,845.7
Nalgonda,Delhi,Lentils,1255.52,735.7,422.6,72.33,1165.2
Nalgonda,Chennai,Quinoa,892.95,649.0,503.9,78.91,186.1
Anantapur,Bengaluru,Soy,1170.1,626.6,2815.2,57.44,1539.7
Kurnool,Mumbai,Oats,470.73,238.2,3707.6,79.68,1329.6
Nalgonda,Delhi,Chickpea,1190.48,753.5,3793.7,29.72,913.9
Anantapur,Delhi,Soy,335.85,172.8,4462.1,34.33,1654.4
Hindupur,Delhi,Oats,808.1,506.7,2113.6,66.63,1413.7
Anantapur,Mumbai,Lentils,833.3,701.8,1385.8,31.76,991.9
Mahabubnagar,Mumbai,Soy,688.41,665.4,594.6,96.57,1322.6
Kurnool,Delhi,Quinoa,383.55,451.0,2106.8,80.21,1553.9
Kurnool,Hyderabad,Soy,550.78,514.8,2559.5,64.46,1141.8
Anantapur,Bengaluru,Oats,384.22,223.5,2754.6,21.8,1544.0
Kurnool,Mumbai,Chickpea,444.68,712.5,4583.9,36.4,1006.9
Hindupur,Delhi,Chickpea,1409.82,760.5,4373.6,16.41,1715.8
Anantapur,Delhi,Soy,779.74,496.0,4694.8,92.1,1894.8
Nalgonda,Mumbai,Quinoa,574.16,311.6,4863.1,87.34,264.5
Kurnool,Mumbai,Oats,233.16,409.7,2765.0,40.47,973.2
Hindupur,Bengaluru,Oats,698.23,403.8,4537.4,20.78,1087.3
Hindupur,Chennai,Soy,568.26,436.1,928.7,39.02,908.4
Hindupur,Bengaluru,Soy,431.1,324.5,347.5,13.95,1454.7
Nalgonda,Hyderabad,Soy,565.96,328.0,2103.1,39.41,1502.5
Nalgonda,Mumbai,Chickpea,483.27,413.6,4488.7,21.35,290.4
Kurnool,Bengaluru,Chickpea,644.71,561.9,3841.7,99.33,1335.1
Anantapur,Bengaluru,Lentils,284.33,198.3,1118.3,55.37,1112.5
Anantapur,Hyderabad,Quinoa,373.71,605.7,620.0,54.35,363.4
Kurnool,Mumbai,Oats,570.34,557.2,4834.5,82.15,1279.3
Mahabubnagar,Chennai,Oats,345.94,569.0,1357.7,74.25,986.0
Anantapur,Bengaluru,Lentils,1001.99,776.8,1586.1,42.63,179.5
Nalgonda,Bengaluru,Oats,584.57,324.5,1239.6,64.69,835.2
Hindupur,Mumbai,Chickpea,481.17,563.1,579.5,61.85,1129.7
Hindupur,Chennai,Soy,476.08,462.9,1246.9,14.48,573.6
Anantapur,Mumbai,Quinoa,581.5,377.4,2497.7,56.13,572.2
Anantapur,Chennai,Soy,859.89,644.1,3264.2,11.22,366.2
Nalgonda,Bengaluru,Oats,1250.31,632.3,4734.3,27.74,1757.0
Mahabubnagar,Hyderabad,Quinoa,848.87,478.4,2452.7,43.59,1011.8
